id;title;time;note;user_login
1;tangible;2021-12-15T17:23:20;../fake-data/blob/hipster.txt;Tasty Virginia
2;User-centric;2021-12-15T21:43:12;../fake-data/blob/hipster.txt;Creative Cheese
3;Configurable Krona applications;2021-12-15T20:16:01;../fake-data/blob/hipster.txt;program vertical
4;Rapids Wisconsin;2021-12-15T18:21:36;../fake-data/blob/hipster.txt;Mouse
5;functionalities;2021-12-16T00:28:55;../fake-data/blob/hipster.txt;Kina Kids
6;Road;2021-12-16T02:42:01;../fake-data/blob/hipster.txt;clicks-and-mortar
7;violet primary withdrawal;2021-12-16T13:46:23;../fake-data/blob/hipster.txt;Berkshire Mouse Buckinghamshire
8;syndicate interactive cross-platform;2021-12-15T21:25:14;../fake-data/blob/hipster.txt;Metal Officer online
9;Data indexing;2021-12-15T21:51:06;../fake-data/blob/hipster.txt;Sleek Visionary Computers
10;Wooden;2021-12-15T17:14:26;../fake-data/blob/hipster.txt;Ergonomic Central synthesize
